Data_Venda,Categoria,Valor_Venda,Quantidade
2024-01-01 00:00:00.000000000,Brinquedos,1864.92,1
2024-01-01 08:46:07.567567567,Livros,1134.62,3
2024-01-01 17:32:15.135135135,Alimentos,1396.34,8
2024-01-02 02:18:22.702702702,Livros,1845.77,3
2024-01-02 11:04:30.270270270,Livros,1417.4,8
2024-01-02 19:50:37.837837837,Roupas,313.55,1
2024-01-03 04:36:45.405405405,Alimentos,1156.81,5
2024-01-03 13:22:52.972972972,Alimentos,1217.36,4
2024-01-03 22:09:00.540540540,Alimentos,854.02,5
2024-01-04 06:55:08.108108108,Livros,1475.52,8
2024-01-04 15:41:15.675675675,Brinquedos,1869.39,4
2024-01-05 00:27:23.243243243,Alimentos,1851.88,4
2024-01-05 09:13:30.810810810,Livros,907.17,3
2024-01-05 17:59:38.378378378,Roupas,235.34,7
2024-01-06 02:45:45.945945945,Brinquedos,1969.83,3
2024-01-06 11:31:53.513513513,Roupas,1679.41,3
2024-01-06 20:18:01.081081081,Brinquedos,258.08,5
2024-01-07 05:04:08.648648648,Livros,1842.48,5
2024-01-07 13:50:16.216216216,Eletrônicos,1741.09,6
2024-01-07 22:36:23.783783783,Brinquedos,1042.49,8
2024-01-08 07:22:31.351351351,Roupas,1186.64,6
2024-01-08 16:08:38.918918918,Livros,804.02,1
2024-01-09 00:54:46.486486486,Brinquedos,118.98,8
2024-01-09 09:40:54.054054054,Eletrônicos,677.04,8
2024-01-09 18:27:01.621621621,Eletrônicos,1607.68,9
2024-01-10 03:13:09.189189189,Alimentos,19.22,9
2024-01-10 11:59:16.756756756,Alimentos,673.66,2
2024-01-10 20:45:24.324324324,Roupas,802.36,2
2024-01-11 05:31:31.891891891,Brinquedos,1079.42,3
2024-01-11 14:17:39.459459459,Brinquedos,1840.51,1
2024-01-11 23:03:47.027027027,Alimentos,699.23,4
2024-01-12 07:49:54.594594594,Brinquedos,700.44,4
2024-01-12 16:36:02.162162162,Brinquedos,1477.63,9
2024-01-13 01:22:09.729729729,Eletrônicos,909.91,9
2024-01-13 10:08:17.297297297,Alimentos,456.96,9
2024-01-13 18:54:24.864864864,Livros,910.35,7
2024-01-14 03:40:32.432432432,Alimentos,290.31,2
2024-01-14 12:26:40.000000000,Livros,361.01,5
2024-01-14 21:12:47.567567567,Eletrônicos,1001.75,4
2024-01-15 05:58:55.135135135,Roupas,843.66,8
2024-01-15 14:45:02.702702702,Brinquedos,1830.54,2
2024-01-15 23:31:10.270270270,Eletrônicos,731.16,6
2024-01-16 08:17:17.837837837,Brinquedos,1165.37,5
2024-01-16 17:03:25.405405405,Roupas,1268.21,2
2024-01-17 01:49:32.972972973,Roupas,36.06,1
2024-01-17 10:35:40.540540540,Eletrônicos,1330.44,8
2024-01-17 19:21:48.108108108,Roupas,364.29,2
2024-01-18 04:07:55.675675675,Livros,1922.53,7
2024-01-18 12:54:03.243243243,Roupas,305.84,9
2024-01-18 21:40:10.810810810,Brinquedos,835.1,9
2024-01-19 06:26:18.378378378,Brinquedos,179.85,8
2024-01-19 15:12:25.945945946,Brinquedos,1993.78,9
2024-01-19 23:58:33.513513513,Brinquedos,1009.37,2
2024-01-20 08:44:41.081081081,Livros,1194.82,6
2024-01-20 17:30:48.648648648,Alimentos,143.48,4
2024-01-21 02:16:56.216216216,Eletrônicos,1502.42,4
2024-01-21 11:03:03.783783783,Brinquedos,427.71,5
2024-01-21 19:49:11.351351351,Roupas,1797.13,3
2024-01-22 04:35:18.918918918,Brinquedos,418.23,1
2024-01-22 13:21:26.486486486,Roupas,389.47,8
2024-01-22 22:07:34.054054054,Roupas,82.73,5
2024-01-23 06:53:41.621621621,Brinquedos,949.41,3
2024-01-23 15:39:49.189189189,Livros,1134.03,7
2024-01-24 00:25:56.756756756,Roupas,140.76,7
2024-01-24 09:12:04.324324324,Roupas,1553.3,1
2024-01-24 17:58:11.891891891,Brinquedos,912.04,9
2024-01-25 02:44:19.459459459,Roupas,1053.54,2
2024-01-25 11:30:27.027027027,Roupas,887.12,5
2024-01-25 20:16:34.594594594,Brinquedos,807.52,5
2024-01-26 05:02:42.162162162,Brinquedos,1123.68,8
2024-01-26 13:48:49.729729729,Eletrônicos,318.93,8
2024-01-26 22:34:57.297297297,Livros,372.04,7
2024-01-27 07:21:04.864864865,Livros,1724.95,7
2024-01-27 16:07:12.432432432,Roupas,1892.77,6
2024-01-28 00:53:20.000000000,Livros,752.89,6
2024-01-28 09:39:27.567567567,Roupas,548.78,9
2024-01-28 18:25:35.135135135,Eletrônicos,1291.56,6
2024-01-29 03:11:42.702702702,Brinquedos,823.38,2
2024-01-29 11:57:50.270270270,Brinquedos,60.52,2
2024-01-29 20:43:57.837837837,Brinquedos,320.74,5
2024-01-30 05:30:05.405405405,Livros,1434.78,4
2024-01-30 14:16:12.972972973,Eletrônicos,1321.26,2
2024-01-30 23:02:20.540540540,Livros,63.92,3
2024-01-31 07:48:28.108108108,Livros,451.72,7
2024-01-31 16:34:35.675675675,Eletrônicos,469.84,8
2024-02-01 01:20:43.243243243,Eletrônicos,1347.07,6
2024-02-01 10:06:50.810810810,Eletrônicos,49.22,5
2024-02-01 18:52:58.378378378,Eletrônicos,217.18,1
2024-02-02 03:39:05.945945946,Brinquedos,1601.83,8
2024-02-02 12:25:13.513513513,Alimentos,365.3,3
2024-02-02 21:11:21.081081081,Alimentos,1308.96,6
2024-02-03 05:57:28.648648648,Eletrônicos,483.98,3
2024-02-03 14:43:36.216216216,Alimentos,207.89,7
2024-02-03 23:29:43.783783783,Alimentos,493.91,7
2024-02-04 08:15:51.351351351,Eletrônicos,1447.31,9
2024-02-04 17:01:58.918918919,Alimentos,1712.84,5
2024-02-05 01:48:06.486486486,Livros,1662.14,8
2024-02-05 10:34:14.054054054,Roupas,800.4,8
2024-02-05 19:20:21.621621621,Roupas,1339.49,1
2024-02-06 04:06:29.189189189,Eletrônicos,417.92,5
2024-02-06 12:52:36.756756756,Brinquedos,593.36,3
2024-02-06 21:38:44.324324324,Eletrônicos,1793.71,1
2024-02-07 06:24:51.891891892,Brinquedos,35.87,4
2024-02-07 15:10:59.459459459,Roupas,180.16,8
2024-02-07 23:57:07.027027027,Eletrônicos,423.69,3
2024-02-08 08:43:14.594594594,Livros,62.8,2
2024-02-08 17:29:22.162162162,Alimentos,371.06,9
2024-02-09 02:15:29.729729729,Brinquedos,1170.25,5
2024-02-09 11:01:37.297297297,Alimentos,848.63,7
2024-02-09 19:47:44.864864864,Alimentos,1786.42,2
2024-02-10 04:33:52.432432432,Eletrônicos,1636.71,9
2024-02-10 13:20:00.000000000,Alimentos,690.22,9
2024-02-10 22:06:07.567567567,Livros,526.25,4
2024-02-11 06:52:15.135135135,Alimentos,765.59,4
2024-02-11 15:38:22.702702702,Eletrônicos,1184.69,6
2024-02-12 00:24:30.270270270,Livros,543.45,6
2024-02-12 09:10:37.837837837,Roupas,1252.06,1
2024-02-12 17:56:45.405405405,Alimentos,824.73,9
2024-02-13 02:42:52.972972973,Eletrônicos,1108.57,2
2024-02-13 11:29:00.540540540,Roupas,877.89,5
2024-02-13 20:15:08.108108108,Roupas,595.99,9
2024-02-14 05:01:15.675675675,Brinquedos,1897.42,4
2024-02-14 13:47:23.243243243,Livros,1529.58,3
2024-02-14 22:33:30.810810810,Alimentos,288.83,7
2024-02-15 07:19:38.378378378,Eletrônicos,1738.25,6
2024-02-15 16:05:45.945945946,Brinquedos,979.99,8
2024-02-16 00:51:53.513513513,Livros,1790.16,3
2024-02-16 09:38:01.081081081,Brinquedos,1601.71,5
2024-02-16 18:24:08.648648648,Livros,856.17,4
2024-02-17 03:10:16.216216216,Livros,54.71,4
2024-02-17 11:56:23.783783783,Alimentos,544.67,4
2024-02-17 20:42:31.351351351,Livros,1087.85,8
2024-02-18 05:28:38.918918919,Brinquedos,1270.62,6
2024-02-18 14:14:46.486486486,Livros,523.2,3
2024-02-18 23:00:54.054054054,Alimentos,287.32,5
2024-02-19 07:47:01.621621621,Alimentos,1671.51,6
2024-02-19 16:33:09.189189189,Brinquedos,1968.96,5
2024-02-20 01:19:16.756756756,Roupas,1056.12,6
2024-02-20 10:05:24.324324324,Roupas,351.64,8
2024-02-20 18:51:31.891891891,Livros,551.89,7
2024-02-21 03:37:39.459459459,Eletrônicos,46.6,5
2024-02-21 12:23:47.027027027,Livros,1829.45,6
2024-02-21 21:09:54.594594594,Brinquedos,244.32,4
2024-02-22 05:56:02.162162162,Brinquedos,1157.27,9
2024-02-22 14:42:09.729729730,Brinquedos,555.37,4
2024-02-22 23:28:17.297297297,Brinquedos,1112.81,1
2024-02-23 08:14:24.864864865,Brinquedos,1306.33,7
2024-02-23 17:00:32.432432432,Alimentos,1661.19,7
2024-02-24 01:46:40.000000000,Roupas,420.78,4
2024-02-24 10:32:47.567567567,Brinquedos,31.88,3
2024-02-24 19:18:55.135135135,Eletrônicos,282.4,8
2024-02-25 04:05:02.702702703,Eletrônicos,1801.04,5
2024-02-25 12:51:10.270270270,Eletrônicos,1749.04,7
2024-02-25 21:37:17.837837838,Eletrônicos,1198.85,4
2024-02-26 06:23:25.405405405,Alimentos,1205.03,4
2024-02-26 15:09:32.972972973,Eletrônicos,1333.42,8
2024-02-26 23:55:40.540540540,Brinquedos,358.99,8
2024-02-27 08:41:48.108108108,Livros,1829.68,2
2024-02-27 17:27:55.675675675,Eletrônicos,843.35,2
2024-02-28 02:14:03.243243243,Alimentos,772.45,3
2024-02-28 11:00:10.810810811,Alimentos,1042.65,3
2024-02-28 19:46:18.378378378,Eletrônicos,103.46,1
2024-02-29 04:32:25.945945946,Livros,340.9,3
2024-02-29 13:18:33.513513513,Eletrônicos,1478.69,6
2024-02-29 22:04:41.081081081,Alimentos,174.77,8
2024-03-01 06:50:48.648648648,Roupas,1210.27,6
2024-03-01 15:36:56.216216216,Brinquedos,498.24,5
2024-03-02 00:23:03.783783784,Alimentos,784.7,4
2024-03-02 09:09:11.351351351,Eletrônicos,584.5,3
2024-03-02 17:55:18.918918919,Brinquedos,717.79,4
2024-03-03 02:41:26.486486486,Eletrônicos,1440.9,7
2024-03-03 11:27:34.054054054,Eletrônicos,601.27,1
2024-03-03 20:13:41.621621621,Roupas,1137.15,7
2024-03-04 04:59:49.189189189,Brinquedos,957.34,1
2024-03-04 13:45:56.756756757,Brinquedos,1330.71,2
2024-03-04 22:32:04.324324324,Roupas,1874.29,4
2024-03-05 07:18:11.891891892,Alimentos,1467.82,1
2024-03-05 16:04:19.459459459,Eletrônicos,437.73,9
2024-03-06 00:50:27.027027027,Livros,72.05,6
2024-03-06 09:36:34.594594594,Eletrônicos,531.91,1
2024-03-06 18:22:42.162162162,Eletrônicos,1194.21,1
2024-03-07 03:08:49.729729730,Alimentos,112.34,6
2024-03-07 11:54:57.297297297,Eletrônicos,997.77,4
2024-03-07 20:41:04.864864865,Roupas,1197.72,4
2024-03-08 05:27:12.432432432,Roupas,675.15,6
2024-03-08 14:13:20.000000000,Brinquedos,1544.12,7
2024-03-08 22:59:27.567567567,Livros,222.13,9
2024-03-09 07:45:35.135135135,Eletrônicos,159.52,5
2024-03-09 16:31:42.702702702,Eletrônicos,1459.1,9
2024-03-10 01:17:50.270270270,Alimentos,996.03,4
2024-03-10 10:03:57.837837838,Roupas,1379.92,2
2024-03-10 18:50:05.405405405,Livros,875.31,3
2024-03-11 03:36:12.972972973,Brinquedos,500.34,1
2024-03-11 12:22:20.540540540,Roupas,1640.01,6
2024-03-11 21:08:28.108108108,Brinquedos,1600.84,6
2024-03-12 05:54:35.675675675,Alimentos,1392.45,1
2024-03-12 14:40:43.243243243,Alimentos,551.57,3
2024-03-12 23:26:50.810810811,Eletrônicos,1184.56,5
2024-03-13 08:12:58.378378378,Livros,728.34,3
2024-03-13 16:59:05.945945946,Brinquedos,192.25,3
2024-03-14 01:45:13.513513513,Roupas,1835.45,3
2024-03-14 10:31:21.081081081,Alimentos,282.27,5
2024-03-14 19:17:28.648648648,Eletrônicos,1900.97,5
2024-03-15 04:03:36.216216216,Eletrônicos,897.55,4
2024-03-15 12:49:43.783783784,Brinquedos,378.41,1
2024-03-15 21:35:51.351351351,Alimentos,1088.38,5
2024-03-16 06:21:58.918918919,Livros,1747.16,5
2024-03-16 15:08:06.486486486,Alimentos,1467.13,4
2024-03-16 23:54:14.054054054,Brinquedos,1615.06,6
2024-03-17 08:40:21.621621621,Brinquedos,1320.98,4
2024-03-17 17:26:29.189189189,Alimentos,1387.63,7
2024-03-18 02:12:36.756756757,Brinquedos,1699.9,7
2024-03-18 10:58:44.324324324,Alimentos,506.84,2
2024-03-18 19:44:51.891891892,Roupas,983.96,3
2024-03-19 04:30:59.459459459,Alimentos,450.21,1
2024-03-19 13:17:07.027027027,Alimentos,1975.46,8
2024-03-19 22:03:14.594594594,Brinquedos,1888.68,9
2024-03-20 06:49:22.162162162,Brinquedos,88.46,4
2024-03-20 15:35:29.729729729,Eletrônicos,1414.09,6
2024-03-21 00:21:37.297297297,Eletrônicos,1851.24,9
2024-03-21 09:07:44.864864865,Roupas,369.34,6
2024-03-21 17:53:52.432432432,Eletrônicos,1140.21,9
2024-03-22 02:40:00.000000000,Alimentos,1831.82,4
2024-03-22 11:26:07.567567567,Brinquedos,77.55,8
2024-03-22 20:12:15.135135135,Eletrônicos,1397.87,9
2024-03-23 04:58:22.702702702,Eletrônicos,601.72,4
2024-03-23 13:44:30.270270270,Roupas,1849.55,5
2024-03-23 22:30:37.837837838,Roupas,1942.41,8
2024-03-24 07:16:45.405405405,Alimentos,1889.09,6
2024-03-24 16:02:52.972972973,Brinquedos,953.69,7
2024-03-25 00:49:00.540540540,Roupas,1725.46,3
2024-03-25 09:35:08.108108108,Eletrônicos,1690.65,7
2024-03-25 18:21:15.675675675,Brinquedos,645.01,8
2024-03-26 03:07:23.243243243,Brinquedos,1659.54,6
2024-03-26 11:53:30.810810811,Eletrônicos,83.65,9
2024-03-26 20:39:38.378378378,Roupas,1196.58,6
2024-03-27 05:25:45.945945946,Eletrônicos,467.72,9
2024-03-27 14:11:53.513513513,Brinquedos,249.93,4
2024-03-27 22:58:01.081081081,Livros,163.14,8
2024-03-28 07:44:08.648648648,Livros,1395.61,4
2024-03-28 16:30:16.216216216,Alimentos,686.35,2
2024-03-29 01:16:23.783783784,Eletrônicos,1452.29,9
2024-03-29 10:02:31.351351351,Eletrônicos,140.06,5
2024-03-29 18:48:38.918918919,Alimentos,637.43,4
2024-03-30 03:34:46.486486486,Alimentos,1083.59,2
2024-03-30 12:20:54.054054054,Alimentos,1583.54,1
2024-03-30 21:07:01.621621621,Brinquedos,644.32,7
2024-03-31 05:53:09.189189189,Eletrônicos,1255.52,6
2024-03-31 14:39:16.756756756,Brinquedos,1773.1,2
2024-03-31 23:25:24.324324324,Alimentos,1235.57,8
2024-04-01 08:11:31.891891892,Eletrônicos,473.59,4
2024-04-01 16:57:39.459459459,Brinquedos,58.56,8
2024-04-02 01:43:47.027027027,Brinquedos,1741.5,7
2024-04-02 10:29:54.594594594,Alimentos,52.33,5
2024-04-02 19:16:02.162162162,Eletrônicos,1750.66,8
2024-04-03 04:02:09.729729729,Alimentos,1062.58,9
2024-04-03 12:48:17.297297297,Eletrônicos,1878.74,5
2024-04-03 21:34:24.864864865,Livros,1599.58,5
2024-04-04 06:20:32.432432432,Roupas,1995.89,2
2024-04-04 15:06:40.000000000,Roupas,707.92,5
2024-04-04 23:52:47.567567567,Roupas,1536.7,3
2024-04-05 08:38:55.135135135,Alimentos,809.84,7
2024-04-05 17:25:02.702702702,Livros,964.95,5
2024-04-06 02:11:10.270270270,Eletrônicos,1258.74,8
2024-04-06 10:57:17.837837838,Brinquedos,1748.62,1
2024-04-06 19:43:25.405405405,Eletrônicos,1968.33,3
2024-04-07 04:29:32.972972973,Brinquedos,1538.86,3
2024-04-07 13:15:40.540540540,Eletrônicos,841.36,9
2024-04-07 22:01:48.108108108,Livros,848.5,5
2024-04-08 06:47:55.675675675,Brinquedos,1477.79,9
2024-04-08 15:34:03.243243243,Alimentos,485.17,9
2024-04-09 00:20:10.810810810,Eletrônicos,229.84,1
2024-04-09 09:06:18.378378378,Eletrônicos,715.7,2
2024-04-09 17:52:25.945945946,Brinquedos,581.61,5
2024-04-10 02:38:33.513513513,Alimentos,599.65,4
2024-04-10 11:24:41.081081081,Alimentos,474.88,9
2024-04-10 20:10:48.648648648,Livros,93.77,7
2024-04-11 04:56:56.216216216,Alimentos,45.57,6
2024-04-11 13:43:03.783783783,Alimentos,1975.57,7
2024-04-11 22:29:11.351351351,Alimentos,861.27,1
2024-04-12 07:15:18.918918919,Roupas,774.81,1
2024-04-12 16:01:26.486486486,Livros,1362.5,8
2024-04-13 00:47:34.054054054,Eletrônicos,444.33,2
2024-04-13 09:33:41.621621621,Brinquedos,1900.42,9
2024-04-13 18:19:49.189189189,Eletrônicos,1574.83,7
2024-04-14 03:05:56.756756756,Livros,187.93,6
2024-04-14 11:52:04.324324324,Brinquedos,840.99,1
2024-04-14 20:38:11.891891892,Livros,1759.45,1
2024-04-15 05:24:19.459459460,Alimentos,1890.02,2
2024-04-15 14:10:27.027027026,Brinquedos,940.13,6
2024-04-15 22:56:34.594594594,Alimentos,1230.69,6
2024-04-16 07:42:42.162162162,Eletrônicos,342.4,2
2024-04-16 16:28:49.729729730,Eletrônicos,1982.43,1
2024-04-17 01:14:57.297297296,Brinquedos,471.03,5
2024-04-17 10:01:04.864864864,Brinquedos,1886.04,5
2024-04-17 18:47:12.432432432,Livros,1302.8,2
2024-04-18 03:33:20.000000000,Livros,1219.4,6
2024-04-18 12:19:27.567567568,Alimentos,1030.25,9
2024-04-18 21:05:35.135135134,Brinquedos,469.03,2
2024-04-19 05:51:42.702702702,Eletrônicos,361.29,2
2024-04-19 14:37:50.270270270,Livros,448.77,3
2024-04-19 23:23:57.837837838,Livros,381.01,7
2024-04-20 08:10:05.405405406,Eletrônicos,1561.37,6
2024-04-20 16:56:12.972972972,Livros,706.75,8
2024-04-21 01:42:20.540540540,Alimentos,125.11,8
2024-04-21 10:28:28.108108108,Brinquedos,1938.51,6
2024-04-21 19:14:35.675675676,Eletrônicos,1768.73,3
2024-04-22 04:00:43.243243242,Brinquedos,1856.23,3
2024-04-22 12:46:50.810810810,Livros,1989.87,1
2024-04-22 21:32:58.378378378,Livros,356.05,7
2024-04-23 06:19:05.945945946,Eletrônicos,798.52,5
2024-04-23 15:05:13.513513514,Alimentos,1518.89,4
2024-04-23 23:51:21.081081080,Roupas,1395.08,4
2024-04-24 08:37:28.648648648,Eletrônicos,316.25,4
2024-04-24 17:23:36.216216216,Roupas,1633.51,6
2024-04-25 02:09:43.783783784,Roupas,456.64,8
2024-04-25 10:55:51.351351350,Alimentos,455.4,8
2024-04-25 19:41:58.918918918,Roupas,1078.58,5
2024-04-26 04:28:06.486486486,Roupas,1189.95,6
2024-04-26 13:14:14.054054054,Alimentos,1164.37,4
2024-04-26 22:00:21.621621622,Roupas,192.06,9
2024-04-27 06:46:29.189189188,Roupas,1756.15,8
2024-04-27 15:32:36.756756756,Roupas,538.54,1
2024-04-28 00:18:44.324324324,Eletrônicos,267.73,2
2024-04-28 09:04:51.891891892,Eletrônicos,1778.61,9
2024-04-28 17:50:59.459459460,Eletrônicos,1911.75,8
2024-04-29 02:37:07.027027026,Alimentos,1725.63,3
2024-04-29 11:23:14.594594594,Livros,1620.94,8
2024-04-29 20:09:22.162162162,Roupas,1313.93,1
2024-04-30 04:55:29.729729730,Roupas,1106.21,4
2024-04-30 13:41:37.297297296,Alimentos,183.1,3
2024-04-30 22:27:44.864864864,Roupas,822.82,6
2024-05-01 07:13:52.432432432,Eletrônicos,751.65,7
2024-05-01 16:00:00.000000000,Livros,526.91,4
2024-05-02 00:46:07.567567568,Brinquedos,1449.61,7
2024-05-02 09:32:15.135135134,Roupas,996.79,9
2024-05-02 18:18:22.702702702,Eletrônicos,171.28,2
2024-05-03 03:04:30.270270270,Brinquedos,448.16,3
2024-05-03 11:50:37.837837838,Livros,1369.68,5
2024-05-03 20:36:45.405405406,Brinquedos,161.5,3
2024-05-04 05:22:52.972972972,Eletrônicos,1703.9,8
2024-05-04 14:09:00.540540540,Brinquedos,995.34,8
2024-05-04 22:55:08.108108108,Alimentos,966.37,8
2024-05-05 07:41:15.675675676,Brinquedos,1188.89,9
2024-05-05 16:27:23.243243242,Roupas,1651.12,4
2024-05-06 01:13:30.810810810,Roupas,702.14,5
2024-05-06 09:59:38.378378378,Alimentos,1359.25,5
2024-05-06 18:45:45.945945946,Eletrônicos,1135.81,8
2024-05-07 03:31:53.513513514,Roupas,541.39,7
2024-05-07 12:18:01.081081080,Livros,1758.47,9
2024-05-07 21:04:08.648648648,Roupas,1596.88,8
2024-05-08 05:50:16.216216216,Roupas,1320.32,2
2024-05-08 14:36:23.783783784,Eletrônicos,1702.66,4
2024-05-08 23:22:31.351351350,Brinquedos,1735.92,6
2024-05-09 08:08:38.918918918,Roupas,1419.64,2
2024-05-09 16:54:46.486486486,Alimentos,1675.66,7
2024-05-10 01:40:54.054054054,Brinquedos,1397.97,3
2024-05-10 10:27:01.621621622,Livros,1363.48,3
2024-05-10 19:13:09.189189188,Eletrônicos,1241.04,2
2024-05-11 03:59:16.756756756,Livros,1507.91,8
2024-05-11 12:45:24.324324324,Brinquedos,325.62,6
2024-05-11 21:31:31.891891892,Brinquedos,1762.93,1
2024-05-12 06:17:39.459459460,Brinquedos,1744.97,1
2024-05-12 15:03:47.027027026,Livros,68.2,7
2024-05-12 23:49:54.594594594,Brinquedos,1653.38,8
2024-05-13 08:36:02.162162162,Livros,266.45,5
2024-05-13 17:22:09.729729730,Brinquedos,676.89,5
2024-05-14 02:08:17.297297296,Alimentos,1489.58,4
2024-05-14 10:54:24.864864864,Brinquedos,329.91,6
2024-05-14 19:40:32.432432432,Livros,1637.75,6
2024-05-15 04:26:40.000000000,Roupas,1665.95,3
2024-05-15 13:12:47.567567568,Brinquedos,1019.86,9
2024-05-15 21:58:55.135135134,Roupas,22.71,7
2024-05-16 06:45:02.702702702,Alimentos,581.21,1
2024-05-16 15:31:10.270270270,Eletrônicos,1237.68,7
2024-05-17 00:17:17.837837838,Alimentos,1962.56,5
2024-05-17 09:03:25.405405404,Brinquedos,1267.31,5
2024-05-17 17:49:32.972972972,Roupas,527.01,2
2024-05-18 02:35:40.540540540,Roupas,1271.67,4
2024-05-18 11:21:48.108108108,Livros,1084.57,6
2024-05-18 20:07:55.675675676,Roupas,1561.89,7
2024-05-19 04:54:03.243243242,Livros,222.89,5
2024-05-19 13:40:10.810810810,Eletrônicos,1524.45,9
2024-05-19 22:26:18.378378378,Brinquedos,1087.12,3
2024-05-20 07:12:25.945945946,Livros,1926.35,1
2024-05-20 15:58:33.513513514,Eletrônicos,690.33,4
2024-05-21 00:44:41.081081080,Roupas,1268.92,9
2024-05-21 09:30:48.648648648,Roupas,1864.74,4
2024-05-21 18:16:56.216216216,Eletrônicos,213.99,2
2024-05-22 03:03:03.783783784,Roupas,1875.08,5
2024-05-22 11:49:11.351351350,Eletrônicos,1378.89,3
2024-05-22 20:35:18.918918918,Livros,145.0,9
2024-05-23 05:21:26.486486486,Livros,608.92,4
2024-05-23 14:07:34.054054054,Eletrônicos,1419.26,6
2024-05-23 22:53:41.621621622,Livros,144.03,2
2024-05-24 07:39:49.189189188,Livros,1168.52,6
2024-05-24 16:25:56.756756756,Livros,698.31,3
2024-05-25 01:12:04.324324324,Alimentos,1245.62,9
2024-05-25 09:58:11.891891892,Brinquedos,101.03,2
2024-05-25 18:44:19.459459458,Roupas,1744.36,9
2024-05-26 03:30:27.027027026,Alimentos,1947.24,5
2024-05-26 12:16:34.594594594,Livros,1938.07,8
2024-05-26 21:02:42.162162162,Eletrônicos,1501.81,2
2024-05-27 05:48:49.729729730,Livros,268.87,6
2024-05-27 14:34:57.297297296,Brinquedos,1518.94,3
2024-05-27 23:21:04.864864864,Livros,58.93,5
2024-05-28 08:07:12.432432432,Eletrônicos,54.03,8
2024-05-28 16:53:20.000000000,Brinquedos,653.98,1
2024-05-29 01:39:27.567567568,Livros,982.4,5
2024-05-29 10:25:35.135135134,Brinquedos,1543.11,3
2024-05-29 19:11:42.702702702,Roupas,1369.76,4
2024-05-30 03:57:50.270270270,Roupas,897.35,2
2024-05-30 12:43:57.837837838,Livros,554.52,9
2024-05-30 21:30:05.405405404,Brinquedos,1994.28,3
2024-05-31 06:16:12.972972972,Eletrônicos,858.1,2
2024-05-31 15:02:20.540540540,Livros,908.26,9
2024-05-31 23:48:28.108108108,Roupas,335.61,7
2024-06-01 08:34:35.675675676,Roupas,1591.67,6
2024-06-01 17:20:43.243243242,Livros,1390.43,1
2024-06-02 02:06:50.810810810,Brinquedos,449.33,5
2024-06-02 10:52:58.378378378,Roupas,173.94,3
2024-06-02 19:39:05.945945946,Brinquedos,1364.19,1
2024-06-03 04:25:13.513513514,Roupas,1312.48,4
2024-06-03 13:11:21.081081080,Roupas,553.79,2
2024-06-03 21:57:28.648648648,Alimentos,1902.22,2
2024-06-04 06:43:36.216216216,Roupas,310.61,3
2024-06-04 15:29:43.783783784,Eletrônicos,870.35,8
2024-06-05 00:15:51.351351350,Livros,1887.8,8
2024-06-05 09:01:58.918918918,Livros,845.26,7
2024-06-05 17:48:06.486486486,Brinquedos,1280.67,6
2024-06-06 02:34:14.054054054,Roupas,801.21,9
2024-06-06 11:20:21.621621622,Eletrônicos,555.69,4
2024-06-06 20:06:29.189189188,Brinquedos,1968.12,1
2024-06-07 04:52:36.756756756,Alimentos,824.57,8
2024-06-07 13:38:44.324324324,Brinquedos,1789.26,7
2024-06-07 22:24:51.891891892,Brinquedos,467.61,7
2024-06-08 07:10:59.459459458,Roupas,434.08,3
2024-06-08 15:57:07.027027026,Alimentos,71.96,4
2024-06-09 00:43:14.594594594,Brinquedos,1306.82,9
2024-06-09 09:29:22.162162162,Eletrônicos,743.37,6
2024-06-09 18:15:29.729729730,Eletrônicos,1730.07,5
2024-06-10 03:01:37.297297296,Livros,951.69,3
2024-06-10 11:47:44.864864864,Alimentos,1936.7,9
2024-06-10 20:33:52.432432432,Alimentos,379.2,5
2024-06-11 05:20:00.000000000,Livros,1738.56,5
2024-06-11 14:06:07.567567568,Brinquedos,1555.43,4
2024-06-11 22:52:15.135135134,Alimentos,1544.13,4
2024-06-12 07:38:22.702702702,Eletrônicos,1691.12,1
2024-06-12 16:24:30.270270270,Eletrônicos,1524.44,7
2024-06-13 01:10:37.837837838,Roupas,1256.18,9
2024-06-13 09:56:45.405405404,Alimentos,271.18,3
2024-06-13 18:42:52.972972972,Brinquedos,74.73,2
2024-06-14 03:29:00.540540540,Livros,1842.49,3
2024-06-14 12:15:08.108108108,Livros,1237.13,1
2024-06-14 21:01:15.675675676,Brinquedos,1595.11,6
2024-06-15 05:47:23.243243242,Roupas,968.23,7
2024-06-15 14:33:30.810810810,Livros,243.44,2
2024-06-15 23:19:38.378378378,Alimentos,259.12,8
2024-06-16 08:05:45.945945946,Roupas,1374.27,6
2024-06-16 16:51:53.513513512,Alimentos,866.31,4
2024-06-17 01:38:01.081081080,Eletrônicos,409.04,5
2024-06-17 10:24:08.648648648,Roupas,988.27,8
2024-06-17 19:10:16.216216216,Livros,137.78,3
2024-06-18 03:56:23.783783784,Roupas,1168.12,3
2024-06-18 12:42:31.351351350,Roupas,545.3,4
2024-06-18 21:28:38.918918918,Roupas,1597.14,1
2024-06-19 06:14:46.486486486,Roupas,627.62,9
2024-06-19 15:00:54.054054054,Alimentos,915.89,8
2024-06-19 23:47:01.621621622,Eletrônicos,33.12,8
2024-06-20 08:33:09.189189188,Brinquedos,154.17,6
2024-06-20 17:19:16.756756756,Roupas,791.06,7
2024-06-21 02:05:24.324324324,Livros,965.08,6
2024-06-21 10:51:31.891891892,Roupas,1204.04,9
2024-06-21 19:37:39.459459458,Livros,590.41,3
2024-06-22 04:23:47.027027026,Alimentos,1393.01,3
2024-06-22 13:09:54.594594594,Livros,1721.64,3
2024-06-22 21:56:02.162162162,Brinquedos,1561.9,3
2024-06-23 06:42:09.729729730,Eletrônicos,88.84,9
2024-06-23 15:28:17.297297296,Livros,966.21,4
2024-06-24 00:14:24.864864864,Livros,218.81,7
2024-06-24 09:00:32.432432432,Eletrônicos,491.67,9
2024-06-24 17:46:40.000000000,Brinquedos,1973.46,7
2024-06-25 02:32:47.567567568,Roupas,293.57,9
2024-06-25 11:18:55.135135134,Livros,1002.79,3
2024-06-25 20:05:02.702702702,Eletrônicos,1240.13,4
2024-06-26 04:51:10.270270270,Alimentos,1407.91,8
2024-06-26 13:37:17.837837838,Eletrônicos,1123.7,6
2024-06-26 22:23:25.405405404,Alimentos,29.44,5
2024-06-27 07:09:32.972972972,Brinquedos,659.66,4
2024-06-27 15:55:40.540540540,Roupas,1040.25,8
2024-06-28 00:41:48.108108108,Eletrônicos,184.85,1
2024-06-28 09:27:55.675675676,Livros,707.75,9
2024-06-28 18:14:03.243243242,Brinquedos,76.07,1
2024-06-29 03:00:10.810810810,Eletrônicos,166.37,8
2024-06-29 11:46:18.378378378,Livros,799.88,4
2024-06-29 20:32:25.945945946,Eletrônicos,274.1,9
2024-06-30 05:18:33.513513512,Alimentos,1139.41,5
2024-06-30 14:04:41.081081080,Eletrônicos,1382.04,3
2024-06-30 22:50:48.648648648,Eletrônicos,1603.17,9
2024-07-01 07:36:56.216216216,Eletrônicos,408.3,9
2024-07-01 16:23:03.783783784,Brinquedos,343.29,4
2024-07-02 01:09:11.351351350,Eletrônicos,218.09,4
2024-07-02 09:55:18.918918918,Livros,1276.5,8
2024-07-02 18:41:26.486486486,Alimentos,1415.89,2
2024-07-03 03:27:34.054054054,Alimentos,72.86,9
2024-07-03 12:13:41.621621622,Eletrônicos,1873.06,6
2024-07-03 20:59:49.189189188,Brinquedos,113.42,9
2024-07-04 05:45:56.756756756,Brinquedos,1087.18,8
2024-07-04 14:32:04.324324324,Livros,1421.03,7
2024-07-04 23:18:11.891891892,Eletrônicos,1743.23,1
2024-07-05 08:04:19.459459458,Alimentos,1431.03,3
2024-07-05 16:50:27.027027026,Brinquedos,1605.44,2
2024-07-06 01:36:34.594594594,Eletrônicos,685.51,5
2024-07-06 10:22:42.162162162,Brinquedos,1631.5,5
2024-07-06 19:08:49.729729730,Brinquedos,169.43,5
2024-07-07 03:54:57.297297296,Alimentos,1790.69,4
2024-07-07 12:41:04.864864864,Roupas,1099.71,5
2024-07-07 21:27:12.432432432,Livros,1636.42,3
2024-07-08 06:13:20.000000000,Livros,910.11,1
2024-07-08 14:59:27.567567566,Alimentos,1290.72,5
2024-07-08 23:45:35.135135134,Brinquedos,1057.54,9
2024-07-09 08:31:42.702702702,Eletrônicos,1465.86,9
2024-07-09 17:17:50.270270270,Brinquedos,172.44,4
2024-07-10 02:03:57.837837838,Alimentos,130.1,3
2024-07-10 10:50:05.405405404,Livros,501.74,1
2024-07-10 19:36:12.972972972,Brinquedos,327.49,2
2024-07-11 04:22:20.540540540,Livros,1744.85,8
2024-07-11 13:08:28.108108108,Eletrônicos,446.24,1
2024-07-11 21:54:35.675675676,Livros,1951.97,8
2024-07-12 06:40:43.243243242,Livros,680.42,7
2024-07-12 15:26:50.810810810,Roupas,372.41,8
2024-07-13 00:12:58.378378378,Roupas,1581.5,6
2024-07-13 08:59:05.945945946,Roupas,1320.83,9
2024-07-13 17:45:13.513513512,Livros,1001.41,3
2024-07-14 02:31:21.081081080,Alimentos,1115.17,4
2024-07-14 11:17:28.648648648,Livros,1441.21,6
2024-07-14 20:03:36.216216216,Alimentos,464.62,8
2024-07-15 04:49:43.783783784,Alimentos,1992.7,5
2024-07-15 13:35:51.351351350,Roupas,1949.84,3
2024-07-15 22:21:58.918918918,Brinquedos,1304.15,6
2024-07-16 07:08:06.486486486,Eletrônicos,407.09,4
2024-07-16 15:54:14.054054054,Roupas,1363.65,9
2024-07-17 00:40:21.621621620,Roupas,153.67,3
2024-07-17 09:26:29.189189188,Brinquedos,71.0,4
2024-07-17 18:12:36.756756756,Eletrônicos,522.79,7
2024-07-18 02:58:44.324324324,Livros,930.62,7
2024-07-18 11:44:51.891891892,Livros,1737.86,4
2024-07-18 20:30:59.459459458,Roupas,1457.07,6
2024-07-19 05:17:07.027027026,Eletrônicos,1487.99,3
2024-07-19 14:03:14.594594594,Roupas,856.73,6
2024-07-19 22:49:22.162162162,Alimentos,698.41,2
2024-07-20 07:35:29.729729730,Roupas,748.37,8
2024-07-20 16:21:37.297297296,Roupas,1975.42,2
2024-07-21 01:07:44.864864864,Livros,89.82,7
2024-07-21 09:53:52.432432432,Livros,1735.39,9
2024-07-21 18:40:00.000000000,Livros,1161.56,1
2024-07-22 03:26:07.567567566,Alimentos,882.84,8
2024-07-22 12:12:15.135135134,Livros,1453.26,7
2024-07-22 20:58:22.702702702,Eletrônicos,978.47,6
2024-07-23 05:44:30.270270270,Brinquedos,1748.11,6
2024-07-23 14:30:37.837837838,Eletrônicos,1802.4,6
2024-07-23 23:16:45.405405404,Eletrônicos,849.22,9
2024-07-24 08:02:52.972972972,Livros,560.89,2
2024-07-24 16:49:00.540540540,Brinquedos,1188.78,1
2024-07-25 01:35:08.108108108,Brinquedos,1825.6,6
2024-07-25 10:21:15.675675676,Brinquedos,429.22,8
2024-07-25 19:07:23.243243242,Alimentos,1249.7,3
2024-07-26 03:53:30.810810810,Livros,1266.8,1
2024-07-26 12:39:38.378378378,Brinquedos,1468.89,9
2024-07-26 21:25:45.945945946,Alimentos,271.82,1
2024-07-27 06:11:53.513513512,Roupas,1434.49,3
2024-07-27 14:58:01.081081080,Roupas,1818.97,8
2024-07-27 23:44:08.648648648,Alimentos,367.57,3
2024-07-28 08:30:16.216216216,Alimentos,482.71,4
2024-07-28 17:16:23.783783784,Livros,1943.08,8
2024-07-29 02:02:31.351351352,Livros,370.14,1
2024-07-29 10:48:38.918918920,Roupas,1710.23,6
2024-07-29 19:34:46.486486484,Brinquedos,989.63,1
2024-07-30 04:20:54.054054052,Roupas,501.99,1
2024-07-30 13:07:01.621621620,Brinquedos,1742.79,8
2024-07-30 21:53:09.189189188,Brinquedos,896.16,4
2024-07-31 06:39:16.756756756,Livros,1034.49,1
2024-07-31 15:25:24.324324324,Eletrônicos,724.87,7
2024-08-01 00:11:31.891891892,Eletrônicos,1189.97,5
2024-08-01 08:57:39.459459460,Alimentos,335.41,5
2024-08-01 17:43:47.027027028,Livros,788.25,1
2024-08-02 02:29:54.594594592,Brinquedos,1939.13,6
2024-08-02 11:16:02.162162160,Eletrônicos,523.69,9
2024-08-02 20:02:09.729729728,Brinquedos,1316.91,9
2024-08-03 04:48:17.297297296,Eletrônicos,657.13,8
2024-08-03 13:34:24.864864864,Eletrônicos,1549.21,5
2024-08-03 22:20:32.432432432,Eletrônicos,270.44,1
2024-08-04 07:06:40.000000000,Livros,1939.94,9
2024-08-04 15:52:47.567567568,Roupas,913.04,1
2024-08-05 00:38:55.135135136,Brinquedos,479.74,8
2024-08-05 09:25:02.702702704,Livros,156.26,5
2024-08-05 18:11:10.270270268,Livros,347.82,3
2024-08-06 02:57:17.837837836,Livros,1044.35,7
2024-08-06 11:43:25.405405404,Livros,680.64,7
2024-08-06 20:29:32.972972972,Livros,1659.48,9
2024-08-07 05:15:40.540540540,Alimentos,867.47,7
2024-08-07 14:01:48.108108108,Brinquedos,504.94,3
2024-08-07 22:47:55.675675676,Livros,1238.12,1
2024-08-08 07:34:03.243243244,Brinquedos,1416.49,8
2024-08-08 16:20:10.810810812,Alimentos,342.41,3
2024-08-09 01:06:18.378378376,Alimentos,343.56,8
2024-08-09 09:52:25.945945944,Brinquedos,82.98,8
2024-08-09 18:38:33.513513512,Eletrônicos,1475.44,5
2024-08-10 03:24:41.081081080,Roupas,1330.97,1
2024-08-10 12:10:48.648648648,Eletrônicos,954.52,7
2024-08-10 20:56:56.216216216,Eletrônicos,1689.9,5
2024-08-11 05:43:03.783783784,Eletrônicos,1613.28,8
2024-08-11 14:29:11.351351352,Livros,1174.86,9
2024-08-11 23:15:18.918918920,Alimentos,1737.86,7
2024-08-12 08:01:26.486486484,Eletrônicos,419.62,7
2024-08-12 16:47:34.054054052,Alimentos,232.72,1
2024-08-13 01:33:41.621621620,Brinquedos,546.8,4
2024-08-13 10:19:49.189189188,Roupas,123.6,2
2024-08-13 19:05:56.756756756,Brinquedos,1067.03,2
2024-08-14 03:52:04.324324324,Brinquedos,1873.85,2
2024-08-14 12:38:11.891891892,Livros,88.29,4
2024-08-14 21:24:19.459459460,Roupas,253.0,1
2024-08-15 06:10:27.027027028,Brinquedos,909.88,4
2024-08-15 14:56:34.594594592,Brinquedos,1868.41,2
2024-08-15 23:42:42.162162160,Roupas,639.15,5
2024-08-16 08:28:49.729729728,Roupas,1019.4,3
2024-08-16 17:14:57.297297296,Brinquedos,92.73,8
2024-08-17 02:01:04.864864864,Roupas,305.2,4
2024-08-17 10:47:12.432432432,Brinquedos,1973.39,1
2024-08-17 19:33:20.000000000,Brinquedos,1930.59,1
2024-08-18 04:19:27.567567568,Livros,19.83,3
2024-08-18 13:05:35.135135136,Eletrônicos,1904.11,9
2024-08-18 21:51:42.702702700,Brinquedos,1281.85,7
2024-08-19 06:37:50.270270268,Alimentos,1737.16,2
2024-08-19 15:23:57.837837836,Eletrônicos,914.93,9
2024-08-20 00:10:05.405405404,Eletrônicos,1036.04,2
2024-08-20 08:56:12.972972972,Eletrônicos,982.8,3
2024-08-20 17:42:20.540540540,Livros,1337.06,2
2024-08-21 02:28:28.108108108,Brinquedos,287.91,3
2024-08-21 11:14:35.675675676,Livros,69.65,6
2024-08-21 20:00:43.243243244,Brinquedos,622.78,9
2024-08-22 04:46:50.810810812,Livros,1412.31,9
2024-08-22 13:32:58.378378376,Livros,411.69,7
2024-08-22 22:19:05.945945944,Alimentos,1350.13,3
2024-08-23 07:05:13.513513512,Livros,1940.12,4
2024-08-23 15:51:21.081081080,Roupas,196.86,6
2024-08-24 00:37:28.648648648,Alimentos,1348.48,5
2024-08-24 09:23:36.216216216,Livros,893.06,2
2024-08-24 18:09:43.783783784,Eletrônicos,1737.6,6
2024-08-25 02:55:51.351351352,Roupas,362.53,3
2024-08-25 11:41:58.918918920,Roupas,1388.33,8
2024-08-25 20:28:06.486486484,Roupas,1677.85,2
2024-08-26 05:14:14.054054052,Alimentos,1889.78,1
2024-08-26 14:00:21.621621620,Livros,1369.66,9
2024-08-26 22:46:29.189189188,Livros,999.38,3
2024-08-27 07:32:36.756756756,Eletrônicos,1239.52,1
2024-08-27 16:18:44.324324324,Eletrônicos,1739.12,7
2024-08-28 01:04:51.891891892,Roupas,1145.51,5
2024-08-28 09:50:59.459459460,Eletrônicos,70.47,5
2024-08-28 18:37:07.027027028,Alimentos,1862.59,1
2024-08-29 03:23:14.594594592,Livros,1382.16,9
2024-08-29 12:09:22.162162160,Roupas,1356.26,7
2024-08-29 20:55:29.729729728,Eletrônicos,439.19,8
2024-08-30 05:41:37.297297296,Alimentos,1321.18,9
2024-08-30 14:27:44.864864864,Alimentos,793.79,6
2024-08-30 23:13:52.432432432,Eletrônicos,1305.95,5
2024-08-31 08:00:00.000000000,Livros,222.12,6
2024-08-31 16:46:07.567567568,Eletrônicos,1319.11,2
2024-09-01 01:32:15.135135136,Roupas,1998.83,4
2024-09-01 10:18:22.702702700,Eletrônicos,105.94,3
2024-09-01 19:04:30.270270268,Alimentos,1954.58,7
2024-09-02 03:50:37.837837836,Eletrônicos,819.75,9
2024-09-02 12:36:45.405405404,Livros,1742.8,5
2024-09-02 21:22:52.972972972,Brinquedos,1566.95,6
2024-09-03 06:09:00.540540540,Eletrônicos,1138.36,2
2024-09-03 14:55:08.108108108,Livros,1479.51,3
2024-09-03 23:41:15.675675676,Livros,1758.25,3
2024-09-04 08:27:23.243243244,Alimentos,814.24,9
2024-09-04 17:13:30.810810812,Livros,660.8,7
2024-09-05 01:59:38.378378376,Livros,1338.51,8
2024-09-05 10:45:45.945945944,Livros,1617.61,9
2024-09-05 19:31:53.513513512,Livros,1526.95,6
2024-09-06 04:18:01.081081080,Roupas,1597.65,4
2024-09-06 13:04:08.648648648,Roupas,876.81,1
2024-09-06 21:50:16.216216216,Alimentos,1637.49,8
2024-09-07 06:36:23.783783784,Eletrônicos,249.22,7
2024-09-07 15:22:31.351351352,Livros,1093.53,2
2024-09-08 00:08:38.918918920,Eletrônicos,21.46,8
2024-09-08 08:54:46.486486484,Eletrônicos,655.93,5
2024-09-08 17:40:54.054054052,Alimentos,739.26,7
2024-09-09 02:27:01.621621620,Livros,798.38,4
2024-09-09 11:13:09.189189188,Livros,1393.98,5
2024-09-09 19:59:16.756756756,Brinquedos,783.23,8
2024-09-10 04:45:24.324324324,Eletrônicos,902.9,1
2024-09-10 13:31:31.891891892,Eletrônicos,482.71,1
2024-09-10 22:17:39.459459460,Roupas,752.77,4
2024-09-11 07:03:47.027027028,Brinquedos,462.27,3
2024-09-11 15:49:54.594594592,Roupas,155.66,2
2024-09-12 00:36:02.162162160,Roupas,1210.86,3
2024-09-12 09:22:09.729729728,Roupas,1339.74,1
2024-09-12 18:08:17.297297296,Alimentos,1242.79,1
2024-09-13 02:54:24.864864864,Alimentos,932.35,6
2024-09-13 11:40:32.432432432,Roupas,765.77,5
2024-09-13 20:26:40.000000000,Brinquedos,1728.03,8
2024-09-14 05:12:47.567567568,Eletrônicos,1042.97,2
2024-09-14 13:58:55.135135136,Brinquedos,963.57,4
2024-09-14 22:45:02.702702700,Livros,61.03,8
2024-09-15 07:31:10.270270268,Alimentos,689.08,6
2024-09-15 16:17:17.837837836,Eletrônicos,766.59,1
2024-09-16 01:03:25.405405404,Eletrônicos,803.66,4
2024-09-16 09:49:32.972972972,Livros,1164.54,1
2024-09-16 18:35:40.540540540,Livros,1071.87,2
2024-09-17 03:21:48.108108108,Roupas,1219.73,5
2024-09-17 12:07:55.675675676,Alimentos,1532.12,8
2024-09-17 20:54:03.243243244,Alimentos,1627.84,8
2024-09-18 05:40:10.810810808,Brinquedos,1439.06,3
2024-09-18 14:26:18.378378376,Roupas,1911.49,4
2024-09-18 23:12:25.945945944,Roupas,46.28,6
2024-09-19 07:58:33.513513512,Roupas,399.6,3
2024-09-19 16:44:41.081081080,Roupas,25.05,2
2024-09-20 01:30:48.648648648,Alimentos,1298.47,6
2024-09-20 10:16:56.216216216,Alimentos,1797.08,5
2024-09-20 19:03:03.783783784,Roupas,494.53,5
2024-09-21 03:49:11.351351352,Brinquedos,1854.8,5
2024-09-21 12:35:18.918918920,Eletrônicos,129.93,5
2024-09-21 21:21:26.486486484,Eletrônicos,1869.53,3
2024-09-22 06:07:34.054054052,Brinquedos,709.73,7
2024-09-22 14:53:41.621621620,Roupas,211.83,6
2024-09-22 23:39:49.189189188,Alimentos,976.88,4
2024-09-23 08:25:56.756756756,Eletrônicos,520.99,2
2024-09-23 17:12:04.324324324,Livros,576.9,9
2024-09-24 01:58:11.891891892,Livros,621.51,1
2024-09-24 10:44:19.459459460,Brinquedos,1608.02,4
2024-09-24 19:30:27.027027028,Roupas,1082.93,1
2024-09-25 04:16:34.594594592,Eletrônicos,629.5,6
2024-09-25 13:02:42.162162160,Roupas,1224.56,4
2024-09-25 21:48:49.729729728,Eletrônicos,1435.14,5
2024-09-26 06:34:57.297297296,Brinquedos,552.52,5
2024-09-26 15:21:04.864864864,Brinquedos,832.96,9
2024-09-27 00:07:12.432432432,Livros,252.55,1
2024-09-27 08:53:20.000000000,Roupas,370.49,2
2024-09-27 17:39:27.567567568,Livros,1365.42,6
2024-09-28 02:25:35.135135136,Roupas,371.06,5
2024-09-28 11:11:42.702702700,Livros,1055.08,7
2024-09-28 19:57:50.270270268,Alimentos,1421.0,3
2024-09-29 04:43:57.837837836,Alimentos,222.69,3
2024-09-29 13:30:05.405405404,Alimentos,1138.95,2
2024-09-29 22:16:12.972972972,Alimentos,520.56,3
2024-09-30 07:02:20.540540540,Eletrônicos,1926.22,1
2024-09-30 15:48:28.108108108,Alimentos,972.26,5
2024-10-01 00:34:35.675675676,Brinquedos,1613.93,5
2024-10-01 09:20:43.243243244,Brinquedos,1104.95,7
2024-10-01 18:06:50.810810808,Eletrônicos,96.39,4
2024-10-02 02:52:58.378378376,Alimentos,1269.97,3
2024-10-02 11:39:05.945945944,Alimentos,1903.29,1
2024-10-02 20:25:13.513513512,Alimentos,1207.21,8
2024-10-03 05:11:21.081081080,Livros,1640.19,3
2024-10-03 13:57:28.648648648,Roupas,1769.57,2
2024-10-03 22:43:36.216216216,Livros,463.88,4
2024-10-04 07:29:43.783783784,Roupas,431.97,3
2024-10-04 16:15:51.351351352,Alimentos,1225.85,1
2024-10-05 01:01:58.918918920,Alimentos,827.95,3
2024-10-05 09:48:06.486486484,Livros,1681.32,2
2024-10-05 18:34:14.054054052,Livros,1801.05,8
2024-10-06 03:20:21.621621620,Roupas,713.31,6
2024-10-06 12:06:29.189189188,Brinquedos,481.37,9
2024-10-06 20:52:36.756756756,Roupas,1563.25,8
2024-10-07 05:38:44.324324324,Livros,556.86,3
2024-10-07 14:24:51.891891892,Livros,1647.0,5
2024-10-07 23:10:59.459459460,Eletrônicos,853.24,7
2024-10-08 07:57:07.027027028,Livros,1338.42,5
2024-10-08 16:43:14.594594592,Eletrônicos,200.12,8
2024-10-09 01:29:22.162162160,Brinquedos,1251.48,5
2024-10-09 10:15:29.729729728,Roupas,909.02,1
2024-10-09 19:01:37.297297296,Roupas,1177.35,5
2024-10-10 03:47:44.864864864,Eletrônicos,344.35,4
2024-10-10 12:33:52.432432432,Roupas,1476.38,6
2024-10-10 21:20:00.000000000,Livros,1726.97,3
2024-10-11 06:06:07.567567568,Alimentos,441.31,5
2024-10-11 14:52:15.135135136,Eletrônicos,200.47,2
2024-10-11 23:38:22.702702700,Roupas,57.04,6
2024-10-12 08:24:30.270270268,Eletrônicos,1287.52,6
2024-10-12 17:10:37.837837836,Eletrônicos,1218.12,5
2024-10-13 01:56:45.405405404,Alimentos,1097.93,6
2024-10-13 10:42:52.972972972,Livros,471.57,7
2024-10-13 19:29:00.540540540,Eletrônicos,787.9,5
2024-10-14 04:15:08.108108108,Roupas,1193.01,1
2024-10-14 13:01:15.675675676,Brinquedos,998.57,8
2024-10-14 21:47:23.243243244,Eletrônicos,1975.69,4
2024-10-15 06:33:30.810810808,Eletrônicos,281.52,9
2024-10-15 15:19:38.378378376,Alimentos,1393.34,6
2024-10-16 00:05:45.945945944,Livros,814.59,1
2024-10-16 08:51:53.513513512,Brinquedos,862.12,3
2024-10-16 17:38:01.081081080,Roupas,1438.02,3
2024-10-17 02:24:08.648648648,Brinquedos,1387.95,4
2024-10-17 11:10:16.216216216,Roupas,1982.6,6
2024-10-17 19:56:23.783783784,Livros,265.5,7
2024-10-18 04:42:31.351351352,Roupas,217.18,4
2024-10-18 13:28:38.918918916,Alimentos,1451.43,6
2024-10-18 22:14:46.486486484,Alimentos,1160.99,1
2024-10-19 07:00:54.054054052,Alimentos,555.58,8
2024-10-19 15:47:01.621621620,Alimentos,168.04,7
2024-10-20 00:33:09.189189188,Brinquedos,180.46,9
2024-10-20 09:19:16.756756756,Livros,1789.44,3
2024-10-20 18:05:24.324324324,Roupas,391.82,2
2024-10-21 02:51:31.891891892,Roupas,653.51,1
2024-10-21 11:37:39.459459460,Alimentos,461.05,3
2024-10-21 20:23:47.027027028,Alimentos,716.44,5
2024-10-22 05:09:54.594594592,Eletrônicos,148.15,2
2024-10-22 13:56:02.162162160,Livros,1042.93,3
2024-10-22 22:42:09.729729728,Brinquedos,144.55,4
2024-10-23 07:28:17.297297296,Roupas,1602.71,7
2024-10-23 16:14:24.864864864,Eletrônicos,475.09,3
2024-10-24 01:00:32.432432432,Eletrônicos,1084.62,9
2024-10-24 09:46:40.000000000,Roupas,1761.36,8
2024-10-24 18:32:47.567567568,Brinquedos,1305.25,4
2024-10-25 03:18:55.135135136,Eletrônicos,1070.59,1
2024-10-25 12:05:02.702702700,Eletrônicos,655.42,1
2024-10-25 20:51:10.270270268,Livros,672.67,1
2024-10-26 05:37:17.837837836,Brinquedos,1342.28,1
2024-10-26 14:23:25.405405404,Eletrônicos,1988.34,8
2024-10-26 23:09:32.972972972,Brinquedos,1327.06,3
2024-10-27 07:55:40.540540540,Roupas,1119.99,6
2024-10-27 16:41:48.108108108,Alimentos,1463.99,3
2024-10-28 01:27:55.675675676,Eletrônicos,935.76,5
2024-10-28 10:14:03.243243244,Livros,129.68,7
2024-10-28 19:00:10.810810808,Roupas,1128.97,2
2024-10-29 03:46:18.378378376,Brinquedos,1915.67,6
2024-10-29 12:32:25.945945944,Roupas,358.85,6
2024-10-29 21:18:33.513513512,Eletrônicos,1383.11,3
2024-10-30 06:04:41.081081080,Brinquedos,409.86,6
2024-10-30 14:50:48.648648648,Alimentos,1076.3,5
2024-10-30 23:36:56.216216216,Roupas,202.39,2
2024-10-31 08:23:03.783783784,Eletrônicos,906.24,9
2024-10-31 17:09:11.351351352,Livros,1514.77,8
2024-11-01 01:55:18.918918916,Brinquedos,701.67,3
2024-11-01 10:41:26.486486484,Roupas,1333.17,8
2024-11-01 19:27:34.054054052,Roupas,1592.95,9
2024-11-02 04:13:41.621621620,Alimentos,1855.08,3
2024-11-02 12:59:49.189189188,Alimentos,476.94,3
2024-11-02 21:45:56.756756756,Livros,804.64,2
2024-11-03 06:32:04.324324324,Livros,313.31,8
2024-11-03 15:18:11.891891892,Eletrônicos,1985.04,1
2024-11-04 00:04:19.459459460,Eletrônicos,1854.73,8
2024-11-04 08:50:27.027027028,Livros,1084.51,7
2024-11-04 17:36:34.594594592,Livros,1685.65,7
2024-11-05 02:22:42.162162160,Brinquedos,1046.71,3
2024-11-05 11:08:49.729729728,Alimentos,1250.94,1
2024-11-05 19:54:57.297297296,Eletrônicos,187.36,4
2024-11-06 04:41:04.864864864,Alimentos,1512.99,9
2024-11-06 13:27:12.432432432,Alimentos,264.15,5
2024-11-06 22:13:20.000000000,Livros,1653.87,1
2024-11-07 06:59:27.567567568,Brinquedos,1566.24,5
2024-11-07 15:45:35.135135136,Roupas,1420.4,8
2024-11-08 00:31:42.702702700,Brinquedos,81.96,8
2024-11-08 09:17:50.270270268,Brinquedos,613.23,5
2024-11-08 18:03:57.837837836,Alimentos,533.59,9
2024-11-09 02:50:05.405405404,Brinquedos,726.67,1
2024-11-09 11:36:12.972972972,Eletrônicos,184.41,4
2024-11-09 20:22:20.540540540,Alimentos,1874.55,3
2024-11-10 05:08:28.108108108,Eletrônicos,1112.07,2
2024-11-10 13:54:35.675675676,Roupas,617.99,8
2024-11-10 22:40:43.243243244,Alimentos,799.99,7
2024-11-11 07:26:50.810810808,Roupas,899.93,9
2024-11-11 16:12:58.378378376,Alimentos,1205.18,2
2024-11-12 00:59:05.945945944,Livros,1036.2,4
2024-11-12 09:45:13.513513512,Brinquedos,1839.59,6
2024-11-12 18:31:21.081081080,Livros,998.96,3
2024-11-13 03:17:28.648648648,Roupas,1984.39,8
2024-11-13 12:03:36.216216216,Brinquedos,1704.34,3
2024-11-13 20:49:43.783783784,Alimentos,424.94,2
2024-11-14 05:35:51.351351352,Brinquedos,1861.88,3
2024-11-14 14:21:58.918918916,Eletrônicos,241.57,6
2024-11-14 23:08:06.486486484,Brinquedos,1636.72,2
2024-11-15 07:54:14.054054052,Eletrônicos,767.44,8
2024-11-15 16:40:21.621621620,Brinquedos,1757.17,1
2024-11-16 01:26:29.189189188,Eletrônicos,1737.43,7
2024-11-16 10:12:36.756756756,Roupas,1613.79,2
2024-11-16 18:58:44.324324324,Livros,1582.16,6
2024-11-17 03:44:51.891891892,Alimentos,616.31,2
2024-11-17 12:30:59.459459460,Brinquedos,171.03,2
2024-11-17 21:17:07.027027028,Livros,811.93,8
2024-11-18 06:03:14.594594592,Alimentos,355.31,2
2024-11-18 14:49:22.162162160,Alimentos,1392.95,7
2024-11-18 23:35:29.729729728,Eletrônicos,698.74,3
2024-11-19 08:21:37.297297296,Roupas,1951.46,8
2024-11-19 17:07:44.864864864,Roupas,1285.53,7
2024-11-20 01:53:52.432432432,Livros,1646.74,8
2024-11-20 10:40:00.000000000,Roupas,273.72,7
2024-11-20 19:26:07.567567568,Brinquedos,1725.41,6
2024-11-21 04:12:15.135135136,Roupas,1846.29,7
2024-11-21 12:58:22.702702700,Livros,979.25,5
2024-11-21 21:44:30.270270268,Roupas,1216.44,7
2024-11-22 06:30:37.837837836,Brinquedos,1531.97,1
2024-11-22 15:16:45.405405404,Eletrônicos,357.93,1
2024-11-23 00:02:52.972972972,Livros,1010.11,9
2024-11-23 08:49:00.540540540,Eletrônicos,803.34,5
2024-11-23 17:35:08.108108108,Eletrônicos,301.28,5
2024-11-24 02:21:15.675675676,Eletrônicos,741.39,3
2024-11-24 11:07:23.243243244,Alimentos,145.66,5
2024-11-24 19:53:30.810810808,Alimentos,61.37,3
2024-11-25 04:39:38.378378376,Eletrônicos,278.98,9
2024-11-25 13:25:45.945945944,Livros,1926.6,9
2024-11-25 22:11:53.513513512,Brinquedos,1103.56,6
2024-11-26 06:58:01.081081080,Brinquedos,1931.99,1
2024-11-26 15:44:08.648648648,Roupas,870.67,7
2024-11-27 00:30:16.216216216,Livros,630.51,7
2024-11-27 09:16:23.783783784,Alimentos,1017.22,4
2024-11-27 18:02:31.351351352,Eletrônicos,884.63,8
2024-11-28 02:48:38.918918916,Roupas,220.27,6
2024-11-28 11:34:46.486486484,Brinquedos,1285.24,4
2024-11-28 20:20:54.054054052,Alimentos,439.92,4
2024-11-29 05:07:01.621621620,Alimentos,1242.98,2
2024-11-29 13:53:09.189189188,Eletrônicos,1303.9,2
2024-11-29 22:39:16.756756756,Brinquedos,312.53,4
2024-11-30 07:25:24.324324324,Livros,132.09,5
2024-11-30 16:11:31.891891892,Alimentos,1563.72,8
2024-12-01 00:57:39.459459460,Eletrônicos,925.0,6
2024-12-01 09:43:47.027027024,Livros,125.75,4
2024-12-01 18:29:54.594594592,Brinquedos,1989.78,7
2024-12-02 03:16:02.162162160,Alimentos,124.98,8
2024-12-02 12:02:09.729729728,Livros,1393.12,2
2024-12-02 20:48:17.297297296,Livros,1967.52,7
2024-12-03 05:34:24.864864864,Livros,485.97,2
2024-12-03 14:20:32.432432432,Alimentos,293.08,2
2024-12-03 23:06:40.000000000,Alimentos,251.56,8
2024-12-04 07:52:47.567567568,Roupas,613.52,2
2024-12-04 16:38:55.135135136,Brinquedos,211.08,9
2024-12-05 01:25:02.702702700,Eletrônicos,1387.4,1
2024-12-05 10:11:10.270270268,Livros,133.96,9
2024-12-05 18:57:17.837837836,Roupas,1023.75,1
2024-12-06 03:43:25.405405404,Eletrônicos,1993.43,2
2024-12-06 12:29:32.972972972,Roupas,1629.8,6
2024-12-06 21:15:40.540540540,Alimentos,1234.29,6
2024-12-07 06:01:48.108108108,Livros,619.44,1
2024-12-07 14:47:55.675675676,Eletrônicos,1251.55,7
2024-12-07 23:34:03.243243244,Eletrônicos,1058.81,8
2024-12-08 08:20:10.810810808,Eletrônicos,857.91,2
2024-12-08 17:06:18.378378376,Eletrônicos,270.11,8
2024-12-09 01:52:25.945945944,Eletrônicos,1774.34,9
2024-12-09 10:38:33.513513512,Roupas,905.07,6
2024-12-09 19:24:41.081081080,Livros,397.3,5
2024-12-10 04:10:48.648648648,Alimentos,741.84,9
2024-12-10 12:56:56.216216216,Alimentos,834.12,9
2024-12-10 21:43:03.783783784,Alimentos,1656.8,1
2024-12-11 06:29:11.351351352,Alimentos,1469.89,3
2024-12-11 15:15:18.918918916,Roupas,1540.92,9
2024-12-12 00:01:26.486486484,Brinquedos,31.95,2
2024-12-12 08:47:34.054054052,Livros,838.15,4
2024-12-12 17:33:41.621621620,Eletrônicos,967.87,4
2024-12-13 02:19:49.189189188,Brinquedos,48.19,2
2024-12-13 11:05:56.756756756,Alimentos,527.03,3
2024-12-13 19:52:04.324324324,Brinquedos,1522.98,3
2024-12-14 04:38:11.891891892,Livros,282.85,1
2024-12-14 13:24:19.459459460,Eletrônicos,1075.27,6
2024-12-14 22:10:27.027027024,Eletrônicos,438.25,8
2024-12-15 06:56:34.594594592,Livros,34.12,3
2024-12-15 15:42:42.162162160,Livros,489.99,5
2024-12-16 00:28:49.729729728,Alimentos,1951.99,1
2024-12-16 09:14:57.297297296,Eletrônicos,1605.06,7
2024-12-16 18:01:04.864864864,Brinquedos,1919.56,1
2024-12-17 02:47:12.432432432,Roupas,980.83,9
2024-12-17 11:33:20.000000000,Roupas,228.38,8
2024-12-17 20:19:27.567567568,Livros,1100.44,7
2024-12-18 05:05:35.135135136,Alimentos,914.21,7
2024-12-18 13:51:42.702702700,Roupas,1690.27,5
2024-12-18 22:37:50.270270268,Eletrônicos,205.18,5
2024-12-19 07:23:57.837837836,Livros,981.6,5
2024-12-19 16:10:05.405405404,Brinquedos,308.6,1
2024-12-20 00:56:12.972972972,Livros,656.11,8
2024-12-20 09:42:20.540540540,Brinquedos,1477.34,1
2024-12-20 18:28:28.108108108,Livros,957.28,4
2024-12-21 03:14:35.675675676,Livros,758.02,9
2024-12-21 12:00:43.243243244,Livros,795.01,9
2024-12-21 20:46:50.810810808,Brinquedos,924.3,5
2024-12-22 05:32:58.378378376,Brinquedos,1572.18,4
2024-12-22 14:19:05.945945944,Livros,1785.25,3
2024-12-22 23:05:13.513513512,Roupas,1911.12,3
2024-12-23 07:51:21.081081080,Alimentos,1575.94,5
2024-12-23 16:37:28.648648648,Alimentos,637.66,1
2024-12-24 01:23:36.216216216,Alimentos,1379.39,5
2024-12-24 10:09:43.783783784,Brinquedos,880.83,6
2024-12-24 18:55:51.351351352,Brinquedos,516.79,7
2024-12-25 03:41:58.918918916,Roupas,1683.33,9
2024-12-25 12:28:06.486486484,Alimentos,86.47,3
2024-12-25 21:14:14.054054052,Alimentos,1804.51,2
2024-12-26 06:00:21.621621620,Livros,928.34,3
2024-12-26 14:46:29.189189188,Brinquedos,1278.03,9
2024-12-26 23:32:36.756756756,Alimentos,1322.11,7
2024-12-27 08:18:44.324324324,Roupas,1791.28,9
2024-12-27 17:04:51.891891892,Roupas,1276.97,2
2024-12-28 01:50:59.459459460,Alimentos,1231.73,5
2024-12-28 10:37:07.027027024,Brinquedos,142.64,4
2024-12-28 19:23:14.594594592,Roupas,1041.63,2
2024-12-29 04:09:22.162162160,Livros,308.84,9
2024-12-29 12:55:29.729729728,Roupas,1477.49,9
2024-12-29 21:41:37.297297296,Eletrônicos,1029.32,6
2024-12-30 06:27:44.864864864,Eletrônicos,1363.65,6
2024-12-30 15:13:52.432432432,Brinquedos,92.93,8
2024-12-31 00:00:00.000000000,Alimentos,178.74,6
